first-name,last-name,phone-number,gender,age
Alwyn,Cunniam,0917-9667477,Male,38
Angelle,Cunniam,0917-8924869,Female,51
Claudelle,Cunniam,0917-4765568,Female,21
Cristobal,Minci,0917-7466282,Male,44
Dyann,Birtwhistle,0917-1159241,Female,22
Forrester,Maidstone,0917-2138375,Male,18
Glenda,Heinlein,0917-9148926,Female,41
Innis,White,0917-2300234,Male,38
Jacqueline,Dryburgh,0917-4389638,Female,49
Kirk,Headland,0917-7477866,Male,45
Levy,Pogson,0917-9007083,Male,53
Lillis,Bruin,0917-8318355,Female,30
Marya,Elwyn,0917-6724633,Female,22
Nels,Nourse,0917-6570971,Male,51
Norean,Paule,0917-2925182,Female,21
Peyter,Wannan,0917-6588656,Male,66
Ricard,Stanfield,0917-6536714,Male,49
Riccardo,Omar,0917-3227735,Male,42
Sascha,Weiser,0917-9295827,Male,57
Sebastian,Loxston,0917-4976705,Male,50
Ted,Coyte,0917-7102590,Male,54
Tiphanie,Bence,0917-9660931,Female,55
Verney,Dowty,0917-7294759,Male,21
,,0917-1446959,,
,,0917-7002220,,
,,0917-3179110,,
,,0917-9006856,,
,,0917-2336881,,
,,0917-9505073,,
,,0917-8721618,,
,,0917-1583016,,
,,0917-4091768,,
,,0917-2388712,,
,,0917-8008305,,
,,0917-1655912,,
,,0917-4843687,,
,,0917-3466763,,
,,0917-3259249,,
,,0917-1812044,,
,,0917-4665121,,
,,0917-9194970,,
,,0917-9257475,,
,,0917-3299331,,
,,0917-2651733,,
,,0917-3798419,,
,,0917-1531557,,
,,0917-5101665,,
,,0917-9675598,,
,,0917-1009494,,
,,0917-6567236,,
,,0930-2175192,,
,,0930-2199103,,
,,0930-8839190,,
,,0930-3644978,,
,,0930-6119122,,
,,0930-6770063,,
,,0930-9637484,,
,,0930-4380757,,
,,0930-5220604,,
,,0930-2218577,,
,,0930-5658737,,
,,0930-8587730,,
,,0930-8529303,,
,,0930-8593987,,
,,0930-1048002,,
,,0930-1444395,,
,,0930-7764501,,
,,0930-8048422,,
,,0930-1754916,,
,,0930-7211583,,
,,0930-9794748,,
,,0930-8220009,,
,,0930-6147701,,
,,0930-2843238,,
,,0930-3681697,,
,,0930-2656143,,
,,0930-1379229,,
,,0930-6037024,,
,,0930-2870186,,
,,0930-7047006,,
,,0930-2619635,,
,,0930-9030595,,
,,0930-9499250,,
,,0930-2420379,,
,,0912-8792765,,
,,0912-8597362,,
,,0912-2256619,,
,,0912-1688207,,
,,0912-6861680,,
,,0912-9148919,,
